map,ndcg,ndcg_cut_10,P_10,recall_10,recip_rank
0.07073416754980412,0.16708769857809636,0.6574213129589601,0.6879999999999998,0.01649486349187759,0.840343137254902
