map,ndcg,ndcg_cut_10,P_10,recall_10,recip_rank
0.021747619510330406,0.07008770664029741,0.4170217740965713,0.4359999999999999,0.010600528170024815,0.6486172438672437
