map,ndcg,ndcg_cut_10,P_10,recall_10,recip_rank
0.06573805048335087,0.1524508984967312,0.6145938467723788,0.674,0.015536760198382255,0.8413333333333334
