map,ndcg,ndcg_cut_10,P_10,recall_10,recip_rank
0.06553374788151343,0.5749276606849775,0.30253051487755983,0.336,0.00661036753681336,0.5102068848595982
