map,ndcg,ndcg_cut_10,P_10,recall_10,recip_rank
0.18585182567772524,0.6865586940416332,0.6569951008404138,0.6879999999999998,0.01649486349187759,0.840343137254902
