map,ndcg,ndcg_cut_10,P_10,recall_10,recip_rank
0.16603209901483243,0.6686457142566847,0.5735477445122497,0.606,0.014507062676138336,0.8407460317460318
