map,ndcg,ndcg_cut_10,P_10,recall_10,recip_rank
0.15074718279361823,0.6525575834163049,0.463434112985327,0.518,0.012974866278029497,0.6411079198579199
