map,ndcg,ndcg_cut_10,P_10,recall_10,recip_rank
0.01663079088083883,0.0627900394680943,0.30253051487755983,0.336,0.00661036753681336,0.5100028032269451
