map,ndcg,ndcg_cut_10,P_10,recall_10,recip_rank
0.0652625023756733,0.152312427973996,0.6202638845508817,0.674,0.015520176260792155,0.825
