map,ndcg,ndcg_cut_10,P_10,recall_10,recip_rank
0.03215021909606651,0.5070651021818885,0.4170217740965713,0.4359999999999999,0.010600528170024815,0.6487659631270382
